sunset_time,start_time,latitude,custom,wind_direction,phrase,sundown_time,temperature_scale,content_provider,update_time,create_time,type,longitude,temperature,humidity,time_offset,wind_speed_unit,forecast_time,wind_speed
0.0,2019-03-30 18:22:19.995,-33.429726,,S. 170,Nublado,0.0,1,TWC,2019-03-30 18:22:19.997,2019-03-30 18:22:19.997,1,-70.61972,22.0,51,UTC-0300,km/h,0.0,0.0
0.0,2019-10-30 19:15:08.928,-30.602257,,O. 270,Parcialmente nublado,0.0,1,TWC,2019-10-30 19:15:08.930,2019-10-30 19:15:08.930,1,-71.20247,24.0,28,UTC-0300,km/h,0.0,21.0
0.0,2019-11-11 14:26:59.460,-33.499123,,O. 260,Soleado,0.0,1,TWC,2019-11-11 14:26:59.464,2019-11-11 14:26:59.464,1,-70.61204,23.0,44,UTC-0300,km/h,0.0,10.0
0.0,2018-10-04 00:27:49.446,-33.429394,,SSE. 150,Soleado,0.0,1,TWC,2018-10-04 00:27:49.451,2018-10-04 00:27:49.451,1,-70.61975,18.0,25,UTC-0300,km/h,0.0,3.0
0.0,2019-04-15 18:15:38.763,-33.5005,,O. 270,Soleado,0.0,1,TWC,2019-04-15 18:15:38.764,2019-04-15 18:15:38.764,1,-70.61242,27.0,23,UTC-0400,km/h,0.0,8.0
0.0,2019-08-05 15:42:48.407,-33.50076,,O. 270,Soleado,0.0,1,TWC,2019-08-05 15:42:48.411,2019-08-05 15:42:48.411,1,-70.61026,17.0,44,UTC-0400,km/h,0.0,3.0
0.0,2019-02-21 19:15:19.532,-33.424103,,SO. 230,Soleado,0.0,1,TWC,2019-02-21 19:15:19.534,2019-02-21 19:15:19.534,1,-70.612305,26.0,48,UTC-0300,km/h,0.0,13.0
0.0,2019-09-03 23:17:37.066,-33.42018,,S. 180,Soleado,0.0,1,TWC,2019-09-03 23:17:37.067,2019-09-03 23:17:37.067,1,-70.65337,19.0,27,UTC-0400,km/h,0.0,11.0
0.0,2018-10-06 06:36:38.523,-33.461185,,ESE. 120,Soleado,0.0,1,TWC,2018-10-06 06:36:38.527,2018-10-06 06:36:38.527,1,-70.67131,9.0,84,UTC-0300,km/h,0.0,0.0
0.0,2020-02-18 19:01:06.708,-41.31492,,O. 260,Muy nublado,0.0,1,TWC,2020-02-18 19:01:06.710,2020-02-18 19:01:06.710,1,-72.982285,18.0,67,UTC-0300,km/h,0.0,14.0
0.0,2020-03-21 21:09:37.051,-33.429764,,SO. 230,Soleado,0.0,1,TWC,2020-03-21 21:09:37.054,2020-03-21 21:09:37.054,1,-70.61963,21.0,50,UTC-0300,km/h,0.0,11.0
0.0,2018-11-23 15:34:33.912,-33.50178,,ONO. 290,Soleado,0.0,1,TWC,2018-11-23 15:34:33.943,2018-11-23 15:34:33.943,1,-70.60688,27.0,41,UTC-0300,km/h,0.0,5.0
0.0,2019-10-18 19:28:10.033,-33.496037,,OSO. 240,Soleado,0.0,1,TWC,2019-10-18 19:28:10.034,2019-10-18 19:28:10.034,1,-70.61591,24.0,27,UTC-0300,km/h,0.0,11.0
0.0,2019-04-05 20:46:38.913,-33.499622,,SSO. 210,Soleado,0.0,1,TWC,2019-04-05 20:46:38.942,2019-04-05 20:46:38.942,1,-70.61633,29.0,21,UTC-0300,km/h,0.0,11.0
0.0,2019-11-18 19:09:47.050,-33.527805,,NO. 310,Soleado,0.0,1,TWC,2019-11-18 19:09:47.051,2019-11-18 19:09:47.051,1,-70.59584,33.0,14,UTC-0300,km/h,0.0,8.0
0.0,2020-01-10 16:50:22.384,-33.499138,,O. 270,Soleado,0.0,1,TWC,2020-01-10 16:50:22.389,2020-01-10 16:50:22.389,1,-70.612206,29.0,25,UTC-0300,km/h,0.0,11.0
0.0,2018-04-10 23:42:15.510,-33.427338,,SSO. 210,Muy nublado,0.0,1,TWC,2018-04-10 23:42:15.512,2018-04-10 23:42:15.512,1,-70.62272,18.0,56,UTC-0300,km/h,0.0,13.0
0.0,2018-11-13 12:52:40.644,-33.44443,,N. 10,Soleado,0.0,1,TWC,2018-11-13 12:52:40.650,2018-11-13 12:52:40.650,1,-70.642685,14.0,59,UTC-0300,km/h,0.0,5.0
0.0,2018-11-23 21:12:47.442,-33.717182,,OSO. 250,Soleado,0.0,1,TWC,2018-11-23 21:12:47.444,2018-11-23 21:12:47.444,1,-70.92468,31.0,20,UTC-0300,km/h,0.0,19.0
0.0,2019-12-14 15:35:12.268,-30.596386,,O. 270,Muy nublado,0.0,1,TWC,2019-12-14 15:35:12.271,2019-12-14 15:35:12.271,1,-71.18951,20.0,64,UTC-0300,km/h,0.0,16.0
0.0,2020-01-25 15:26:34.274,-33.40954,,SSO. 210,Soleado,0.0,1,TWC,2020-01-25 15:26:34.276,2020-01-25 15:26:34.276,1,-70.54418,28.0,32,UTC-0300,km/h,0.0,8.0
0.0,2020-07-26 21:55:10.645,-30.59893,,O. 280,Parcialmente nublado,0.0,1,TWC,2020-07-26 21:55:10.648,2020-07-26 21:55:10.648,1,-71.18429,19.0,46,UTC-0400,km/h,0.0,10.0
0.0,2020-01-17 17:55:21.570,-33.500698,,O. 270,Soleado,0.0,1,TWC,2020-01-17 17:55:21.572,2020-01-17 17:55:21.572,1,-70.610756,33.0,21,UTC-0300,km/h,0.0,10.0
0.0,2018-07-20 13:54:47.477,-30.60079,,ESE. 110,Soleado,0.0,1,TWC,2018-07-20 13:54:47.481,2018-07-20 13:54:47.481,1,-71.19492,7.0,55,UTC-0400,km/h,0.0,6.0
0.0,2020-09-04 21:24:24.209,-33.418842,,SO. 230,Soleado,0.0,1,TWC,2020-09-04 21:24:24.211,2020-09-04 21:24:24.211,1,-70.60082,17.0,50,UTC-0400,km/h,0.0,14.0
0.0,2019-08-30 19:46:12.608,-33.499508,,SSO. 200,Soleado,0.0,1,TWC,2019-08-30 19:46:12.612,2019-08-30 19:46:12.612,1,-70.61602,20.0,40,UTC-0400,km/h,0.0,11.0
0.0,2019-02-21 17:14:40.041,-33.418118,,O. 260,Soleado,0.0,1,TWC,2019-02-21 17:14:40.045,2019-02-21 17:14:40.045,1,-70.60597,25.0,54,UTC-0300,km/h,0.0,13.0
0.0,2018-12-31 20:17:50.625,-30.602371,,O. 270,Soleado,0.0,1,TWC,2018-12-31 20:17:50.629,2018-12-31 20:17:50.629,1,-71.18885,25.0,42,UTC-0300,km/h,0.0,21.0
0.0,2020-02-12 00:12:06.071,-33.43018,,OSO. 250,Soleado,0.0,1,TWC,2020-02-12 00:12:06.073,2020-02-12 00:12:06.073,1,-70.61979,24.0,48,UTC-0300,km/h,0.0,8.0
0.0,2020-02-03 22:47:24.019,-33.51825,,OSO. 240,Soleado,0.0,1,TWC,2020-02-03 22:47:24.025,2020-02-03 22:47:24.025,1,-70.59726,27.0,26,UTC-0300,km/h,0.0,16.0
0.0,2019-07-08 14:13:21.405,-33.42793,,N. 350,Niebla,0.0,1,TWC,2019-07-08 14:13:21.419,2019-07-08 14:13:21.419,1,-70.62232,10.0,82,UTC-0400,km/h,0.0,10.0
0.0,2018-10-06 03:36:19.156,-33.461185,,S. 170,Soleado,0.0,1,TWC,2018-10-06 03:36:19.159,2018-10-06 03:36:19.159,1,-70.67131,13.0,71,UTC-0300,km/h,0.0,11.0
0.0,2019-06-07 14:24:01.050,-33.50166,,NE. 50,Soleado,0.0,1,TWC,2019-06-07 14:24:01.124,2019-06-07 14:24:01.124,1,-70.60822,8.0,68,UTC-0400,km/h,0.0,0.0
0.0,2019-02-22 19:34:53.426,-33.429806,,SO. 220,Soleado,0.0,1,TWC,2019-02-22 19:34:53.428,2019-02-22 19:34:53.428,1,-70.61962,29.0,38,UTC-0300,km/h,0.0,13.0
0.0,2018-11-10 22:57:49.445,-33.420467,,SSO. 210,Parcialmente nublado,0.0,1,TWC,2018-11-10 22:57:49.449,2018-11-10 22:57:49.449,1,-70.602905,19.0,52,UTC-0300,km/h,0.0,29.0
0.0,2019-03-06 11:04:14.737,-33.50045,,ESE. 120,Soleado,0.0,1,TWC,2019-03-06 11:04:14.745,2019-03-06 11:04:14.745,1,-70.61132,14.0,49,UTC-0300,km/h,0.0,3.0
0.0,2019-02-09 00:26:33.038,-33.43789,,S. 180,Soleado,0.0,1,TWC,2019-02-09 00:26:33.040,2019-02-09 00:26:33.040,1,-70.61592,26.0,40,UTC-0300,km/h,0.0,8.0
0.0,2020-02-23 17:18:46.401,-39.8743,,OSO. 250,Parcialmente nublado,0.0,1,TWC,2020-02-23 17:18:46.402,2020-02-23 17:18:46.402,1,-73.39561,19.0,68,UTC-0300,km/h,0.0,16.0
0.0,2018-07-04 18:43:26.186,-33.418358,,NNE. 20,Muy nublado,0.0,1,TWC,2018-07-04 18:43:26.188,2018-07-04 18:43:26.188,1,-70.60886,13.0,71,UTC-0400,km/h,0.0,11.0
0.0,2018-05-11 16:13:14.075,-33.483894,,S. 180,Soleado,0.0,1,TWC,2018-05-11 16:13:14.079,2018-05-11 16:13:14.079,1,-70.62,21.0,31,UTC-0300,km/h,0.0,3.0
0.0,2018-12-19 12:41:05.774,-33.4394,,SO. 220,Soleado,0.0,1,TWC,2018-12-19 12:41:05.777,2018-12-19 12:41:05.777,1,-70.62223,19.0,63,UTC-0300,km/h,0.0,0.0
0.0,2018-08-20 21:26:39.252,-33.500473,,S. 190,Soleado,0.0,1,TWC,2018-08-20 21:26:39.254,2018-08-20 21:26:39.254,1,-70.61617,21.0,24,UTC-0300,km/h,0.0,0.0
0.0,2019-11-28 15:59:38.237,-33.417797,,S. 170,Soleado,0.0,1,TWC,2019-11-28 15:59:38.238,2019-11-28 15:59:38.238,1,-70.60513,28.0,19,UTC-0300,km/h,0.0,5.0
0.0,2021-01-05 17:56:33.346,-30.596428,,O. 280,Soleado,0.0,1,TWC,2021-01-05 17:56:33.348,2021-01-05 17:56:33.348,1,-71.18957,25.0,50,UTC-0300,km/h,0.0,21.0
0.0,2019-10-02 17:16:35.645,-33.49831,,S. 170,Parcialmente nublado,0.0,1,TWC,2019-10-02 17:16:35.647,2019-10-02 17:16:35.647,1,-70.61331,14.0,44,UTC-0300,km/h,0.0,8.0
0.0,2020-08-12 23:00:01.722,-30.596436,,O. 270,Despejado,0.0,1,TWC,2020-08-12 23:00:01.727,2020-08-12 23:00:01.727,1,-71.18956,11.0,65,UTC-0400,km/h,0.0,8.0
0.0,2019-07-14 16:35:05.618,-30.597307,,O. 270,Soleado,0.0,1,TWC,2019-07-14 16:35:05.621,2019-07-14 16:35:05.621,1,-71.186905,17.0,42,UTC-0400,km/h,0.0,11.0
0.0,2020-09-24 15:06:27.316,-33.421307,,SO. 220,Soleado,0.0,1,TWC,2020-09-24 15:06:27.322,2020-09-24 15:06:27.322,1,-70.60918,22.0,40,UTC-0300,km/h,0.0,5.0
0.0,2020-09-13 21:55:17.325,-33.486553,,S. 170,Soleado,0.0,1,TWC,2020-09-13 21:55:17.331,2020-09-13 21:55:17.331,1,-70.68291,21.0,22,UTC-0300,km/h,0.0,8.0
0.0,2019-10-18 22:41:47.523,-33.439835,,OSO. 240,Soleado,0.0,1,TWC,2019-10-18 22:41:47.525,2019-10-18 22:41:47.525,1,-70.6183,22.0,36,UTC-0300,km/h,0.0,13.0
0.0,2019-03-05 19:15:05.080,-33.42919,,OSO. 240,Soleado,0.0,1,TWC,2019-03-05 19:15:05.086,2019-03-05 19:15:05.086,1,-70.620056,30.0,22,UTC-0300,km/h,0.0,11.0
0.0,2018-12-28 21:08:09.808,-30.596548,,O. 270,Soleado,0.0,1,TWC,2018-12-28 21:08:09.812,2018-12-28 21:08:09.812,1,-71.189644,24.0,52,UTC-0300,km/h,0.0,19.0
0.0,2019-04-17 18:05:47.275,-33.500484,,SO. 230,Soleado,0.0,1,TWC,2019-04-17 18:05:47.277,2019-04-17 18:05:47.277,1,-70.61243,27.0,23,UTC-0400,km/h,0.0,8.0
0.0,2018-09-15 15:19:42.939,-33.430477,,SO. 230,Niebla,0.0,1,TWC,2018-09-15 15:19:42.943,2018-09-15 15:19:42.943,1,-70.618385,11.0,78,UTC-0300,km/h,0.0,5.0
0.0,2020-07-14 20:17:40.920,-30.597956,,O. 280,Soleado,0.0,1,TWC,2020-07-14 20:17:40.925,2020-07-14 20:17:40.925,1,-71.1886,20.0,54,UTC-0400,km/h,0.0,11.0
0.0,2019-07-01 22:40:12.671,-33.499607,,ESE. 110,Soleado,0.0,1,TWC,2019-07-01 22:40:12.679,2019-07-01 22:40:12.679,1,-70.61579,11.0,47,UTC-0400,km/h,0.0,0.0
0.0,2019-10-16 16:08:20.048,-33.495937,,OSO. 240,Muy nublado,0.0,1,TWC,2019-10-16 16:08:20.049,2019-10-16 16:08:20.049,1,-70.606995,17.0,53,UTC-0300,km/h,0.0,11.0
0.0,2020-01-26 16:41:14.813,-33.43805,,O. 270,Soleado,0.0,1,TWC,2020-01-26 16:41:14.829,2020-01-26 16:41:14.829,1,-70.61618,31.0,23,UTC-0300,km/h,0.0,5.0
0.0,2019-04-17 21:35:08.947,-33.45997,,SSO. 210,Muy nublado,0.0,1,TWC,2019-04-17 21:35:08.950,2019-04-17 21:35:08.950,1,-70.62755,27.0,23,UTC-0400,km/h,0.0,8.0
0.0,2018-10-14 19:06:17.877,-33.429745,,O. 280,Soleado,0.0,1,TWC,2018-10-14 19:06:17.880,2018-10-14 19:06:17.880,1,-70.61961,22.0,31,UTC-0300,km/h,0.0,8.0
0.0,2019-09-27 18:42:51.044,-33.49768,,ESE. 110,Soleado,0.0,1,TWC,2019-09-27 18:42:51.046,2019-09-27 18:42:51.046,1,-70.61567,19.0,50,UTC-0300,km/h,0.0,3.0
0.0,2019-12-20 21:17:07.149,-33.42901,,SSO. 210,Soleado,0.0,1,TWC,2019-12-20 21:17:07.153,2019-12-20 21:17:07.153,1,-70.61934,31.0,19,UTC-0300,km/h,0.0,11.0
0.0,2019-09-10 21:21:28.661,-33.499584,,SO. 230,Muy nublado,0.0,1,TWC,2019-09-10 21:21:28.663,2019-09-10 21:21:28.663,1,-70.61611,15.0,48,UTC-0300,km/h,0.0,14.0
0.0,2020-08-12 22:51:41.184,-30.594366,,O. 270,Despejado,0.0,1,TWC,2020-08-12 22:51:41.189,2020-08-12 22:51:41.189,1,-71.18588,11.0,64,UTC-0400,km/h,0.0,8.0
0.0,2019-11-08 15:35:11.857,-33.42869,,SSO. 200,Muy nublado,0.0,1,TWC,2019-11-08 15:35:11.859,2019-11-08 15:35:11.859,1,-70.620155,28.0,23,UTC-0300,km/h,0.0,5.0
0.0,2019-03-28 23:15:08.688,-33.499367,,OSO. 250,Soleado,0.0,1,TWC,2019-03-28 23:15:08.689,2019-03-28 23:15:08.689,1,-70.616104,22.0,46,UTC-0300,km/h,0.0,5.0
0.0,2019-04-10 18:22:00.167,-33.5005,,O. 260,Bruma,0.0,1,TWC,2019-04-10 18:22:00.170,2019-04-10 18:22:00.170,1,-70.61242,24.0,32,UTC-0400,km/h,0.0,8.0
0.0,2019-08-07 00:28:19.949,-33.452858,,S. 190,Muy nublado,0.0,1,TWC,2019-08-07 00:28:19.950,2019-08-07 00:28:19.950,1,-70.612885,10.0,73,UTC-0400,km/h,0.0,3.0
0.0,2019-03-14 16:50:05.512,-33.49718,,S. 190,Soleado,0.0,1,TWC,2019-03-14 16:50:05.519,2019-03-14 16:50:05.519,1,-70.613,27.0,37,UTC-0300,km/h,0.0,8.0
0.0,2019-01-29 22:41:27.063,-33.429802,,OSO. 240,Soleado,0.0,1,TWC,2019-01-29 22:41:27.066,2019-01-29 22:41:27.066,1,-70.61959,27.0,43,UTC-0300,km/h,0.0,14.0
0.0,2018-08-04 03:47:21.808,-33.429794,,ENE. 70,Soleado,0.0,1,TWC,2018-08-04 03:47:21.810,2018-08-04 03:47:21.810,1,-70.61962,6.0,49,UTC-0400,km/h,0.0,2.0
0.0,2018-05-10 19:12:25.464,-33.498,,OSO. 250,Soleado,0.0,1,TWC,2018-05-10 19:12:25.466,2018-05-10 19:12:25.466,1,-70.61223,20.0,35,UTC-0300,km/h,0.0,5.0
0.0,2020-12-22 18:18:04.399,-30.594624,,O. 270,Soleado,0.0,1,TWC,2020-12-22 18:18:04.403,2020-12-22 18:18:04.403,1,-71.19034,24.0,47,UTC-0300,km/h,0.0,21.0
0.0,2018-10-04 21:41:44.579,-33.467075,,S. 190,Parcialmente nublado,0.0,1,TWC,2018-10-04 21:41:44.586,2018-10-04 21:41:44.586,1,-70.62224,23.0,35,UTC-0300,km/h,0.0,13.0
0.0,2018-07-28 19:41:08.438,-33.429752,,S. 190,Soleado,0.0,1,TWC,2018-07-28 19:41:08.441,2018-07-28 19:41:08.441,1,-70.619576,15.0,31,UTC-0400,km/h,0.0,8.0
0.0,2018-07-18 02:44:13.023,-30.596617,,ONO. 290,Parcialmente nublado,0.0,1,TWC,2018-07-18 02:44:13.032,2018-07-18 02:44:13.032,1,-71.18988,9.0,96,UTC-0400,km/h,0.0,5.0
0.0,2018-05-15 13:41:24.052,-33.50013,,SSO. 210,Nublado,0.0,1,TWC,2018-05-15 13:41:24.055,2018-05-15 13:41:24.055,1,-70.616356,13.0,75,UTC-0400,km/h,0.0,5.0
0.0,2019-08-15 19:35:21.631,-33.44352,,SSE. 150,Soleado,0.0,1,TWC,2019-08-15 19:35:21.633,2019-08-15 19:35:21.633,1,-70.6332,17.0,51,UTC-0400,km/h,0.0,16.0
0.0,2021-01-12 16:58:52.540,-30.596418,,O. 270,Soleado,0.0,1,TWC,2021-01-12 16:58:52.550,2021-01-12 16:58:52.550,1,-71.18956,27.0,39,UTC-0300,km/h,0.0,21.0
0.0,2021-01-05 15:35:04.731,-30.598854,,O. 270,Soleado,0.0,1,TWC,2021-01-05 15:35:04.736,2021-01-05 15:35:04.736,1,-71.18912,22.0,60,UTC-0300,km/h,0.0,16.0
0.0,2019-05-22 22:55:09.991,-33.43744,,NNE. 20,Soleado,0.0,1,TWC,2019-05-22 22:55:09.992,2019-05-22 22:55:09.992,1,-70.63429,12.0,30,UTC-0400,km/h,0.0,3.0
0.0,2020-06-26 20:46:15.880,-30.596363,,O. 280,Parcialmente nublado,0.0,1,TWC,2020-06-26 20:46:15.911,2020-06-26 20:46:15.911,1,-71.18956,16.0,57,UTC-0400,km/h,0.0,10.0
0.0,2018-04-27 00:09:37.214,-33.427353,,SSE. 160,Soleado,0.0,1,TWC,2018-04-27 00:09:37.217,2018-04-27 00:09:37.217,1,-70.622795,17.0,35,UTC-0300,km/h,0.0,10.0
0.0,2019-07-20 17:39:39.604,-30.598022,,O. 280,Parcialmente nublado,0.0,1,TWC,2019-07-20 17:39:39.606,2019-07-20 17:39:39.606,1,-71.19762,19.0,39,UTC-0400,km/h,0.0,14.0
0.0,2020-01-31 19:08:43.397,-33.418037,,SSO. 200,Soleado,0.0,1,TWC,2020-01-31 19:08:43.398,2020-01-31 19:08:43.398,1,-70.60654,33.0,25,UTC-0300,km/h,0.0,11.0
0.0,2019-06-10 18:07:08.727,-33.5005,,SO. 220,Parcialmente nublado,0.0,1,TWC,2019-06-10 18:07:08.730,2019-06-10 18:07:08.730,1,-70.612434,17.0,36,UTC-0400,km/h,0.0,0.0
0.0,2019-11-11 19:35:41.109,-33.50869,,SSO. 210,Soleado,0.0,1,TWC,2019-11-11 19:35:41.117,2019-11-11 19:35:41.117,1,-70.612946,27.0,37,UTC-0300,km/h,0.0,27.0
0.0,2018-04-10 23:32:45.988,-33.427902,,SSO. 210,Muy nublado,0.0,1,TWC,2018-04-10 23:32:45.991,2018-04-10 23:32:45.991,1,-70.621346,19.0,55,UTC-0300,km/h,0.0,13.0
0.0,2020-04-07 22:45:13.264,-30.59644,,O. 280,Despejado,0.0,1,TWC,2020-04-07 22:45:13.267,2020-04-07 22:45:13.267,1,-71.189514,21.0,62,UTC-0400,km/h,0.0,13.0
0.0,2019-03-04 18:31:00.812,-33.430225,,OSO. 240,Parcialmente nublado,0.0,1,TWC,2019-03-04 18:31:00.815,2019-03-04 18:31:00.815,1,-70.61951,27.0,30,UTC-0300,km/h,0.0,11.0
0.0,2019-01-14 23:11:09.252,-33.429817,,OSO. 240,Parcialmente nublado,0.0,1,TWC,2019-01-14 23:11:09.259,2019-01-14 23:11:09.259,1,-70.619606,23.0,44,UTC-0300,km/h,0.0,13.0
0.0,2019-05-08 13:48:44.309,-33.501583,,O. 280,Niebla,0.0,1,TWC,2019-05-08 13:48:44.311,2019-05-08 13:48:44.311,1,-70.608574,11.0,90,UTC-0400,km/h,0.0,0.0
0.0,2020-07-12 20:00:12.659,-30.59635,,O. 270,Parcialmente nublado,0.0,1,TWC,2020-07-12 20:00:12.661,2020-07-12 20:00:12.661,1,-71.189545,23.0,48,UTC-0400,km/h,0.0,13.0
0.0,2018-04-05 20:22:49.725,-33.498222,,SSO. 200,Soleado,0.0,1,TWC,2018-04-05 20:22:49.727,2018-04-05 20:22:49.727,1,-70.61363,26.0,34,UTC-0300,km/h,0.0,10.0
0.0,2018-05-11 00:15:17.962,-33.499935,,S. 180,Soleado,0.0,1,TWC,2018-05-11 00:15:17.965,2018-05-11 00:15:17.965,1,-70.61619,15.0,51,UTC-0300,km/h,0.0,3.0
0.0,2018-12-19 13:01:10.737,-33.42977,,SO. 230,Soleado,0.0,1,TWC,2018-12-19 13:01:10.740,2018-12-19 13:01:10.740,1,-70.61964,20.0,59,UTC-0300,km/h,0.0,0.0
0.0,2020-06-20 20:51:28.499,-30.598684,,O. 270,Parcialmente nublado,0.0,1,TWC,2020-06-20 20:51:28.503,2020-06-20 20:51:28.503,1,-71.1888,17.0,70,UTC-0400,km/h,0.0,14.0
0.0,2018-05-04 18:00:49.720,-33.498558,,O. 270,Soleado,0.0,1,TWC,2018-05-04 18:00:49.723,2018-05-04 18:00:49.723,1,-70.61627,24.0,25,UTC-0300,km/h,0.0,3.0
0.0,2018-11-13 12:06:44.067,-33.439194,,NNE. 30,Muy nublado,0.0,1,TWC,2018-11-13 12:06:44.071,2018-11-13 12:06:44.071,1,-70.6215,12.0,71,UTC-0300,km/h,0.0,3.0
0.0,2018-05-16 16:55:59.163,-33.42777,,S. 170,Muy nublado,0.0,1,TWC,2018-05-16 16:55:59.167,2018-05-16 16:55:59.167,1,-70.62191,18.0,42,UTC-0400,km/h,0.0,3.0
0.0,2019-12-11 15:55:11.289,-33.496677,,NNO. 330,Soleado,0.0,1,TWC,2019-12-11 15:55:11.292,2019-12-11 15:55:11.292,1,-70.60873,25.0,41,UTC-0300,km/h,0.0,8.0
0.0,2020-02-04 10:19:02.146,-33.48069,,O. 260,Soleado,0.0,1,TWC,2020-02-04 10:19:02.149,2020-02-04 10:19:02.149,1,-70.683365,14.0,70,UTC-0300,km/h,0.0,5.0
0.0,2020-01-14 16:14:47.830,-33.45314,,SSO. 210,Soleado,0.0,1,TWC,2020-01-14 16:14:47.833,2020-01-14 16:14:47.833,1,-70.614174,29.0,27,UTC-0300,km/h,0.0,8.0
0.0,2020-09-27 21:34:30.374,-33.43069,,SSO. 210,Soleado,0.0,1,TWC,2020-09-27 21:34:30.388,2020-09-27 21:34:30.388,1,-70.61918,22.0,23,UTC-0300,km/h,0.0,13.0
0.0,2019-10-30 17:43:31.909,-30.596401,,O. 280,Parcialmente nublado,0.0,1,TWC,2019-10-30 17:43:31.911,2019-10-30 17:43:31.911,1,-71.18957,25.0,28,UTC-0300,km/h,0.0,21.0
0.0,2018-12-31 19:51:57.859,-30.598106,,O. 270,Soleado,0.0,1,TWC,2018-12-31 19:51:57.862,2018-12-31 19:51:57.862,1,-71.19722,25.0,41,UTC-0300,km/h,0.0,23.0
0.0,2019-03-05 21:31:22.552,-33.429802,,SO. 230,Soleado,0.0,1,TWC,2019-03-05 21:31:22.555,2019-03-05 21:31:22.555,1,-70.6196,30.0,21,UTC-0300,km/h,0.0,11.0
0.0,2019-11-21 11:10:07.934,-33.420353,,SSE. 150,Soleado,0.0,1,TWC,2019-11-21 11:10:07.934,2019-11-21 11:10:07.934,1,-70.65396,19.0,47,UTC-0300,km/h,0.0,0.0
0.0,2018-04-25 00:21:28.099,-33.427307,,SE. 140,Soleado,0.0,1,TWC,2018-04-25 00:21:28.102,2018-04-25 00:21:28.102,1,-70.62227,17.0,51,UTC-0300,km/h,0.0,0.0
0.0,2019-08-31 15:08:26.549,-33.424847,,S. 190,Soleado,0.0,1,TWC,2019-08-31 15:08:26.587,2019-08-31 15:08:26.587,1,-70.61041,16.0,40,UTC-0400,km/h,0.0,3.0
0.0,2019-04-23 19:26:39.361,-33.426308,,SSO. 210,Bruma,0.0,1,TWC,2019-04-23 19:26:39.362,2019-04-23 19:26:39.362,1,-70.61599,18.0,48,UTC-0400,km/h,0.0,5.0
0.0,2019-08-15 18:26:37.885,-33.4478,,SO. 230,Parcialmente nublado,0.0,1,TWC,2019-08-15 18:26:37.887,2019-08-15 18:26:37.887,1,-70.642685,16.0,63,UTC-0400,km/h,0.0,3.0
0.0,2018-11-29 18:09:41.474,-33.4828,,SSO. 210,Soleado,0.0,1,TWC,2018-11-29 18:09:41.480,2018-11-29 18:09:41.480,1,-70.627815,26.0,35,UTC-0300,km/h,0.0,11.0
0.0,2019-07-16 20:55:48.047,-30.598484,,O. 270,Soleado,0.0,1,TWC,2019-07-16 20:55:48.048,2019-07-16 20:55:48.048,1,-71.18444,18.0,50,UTC-0400,km/h,0.0,13.0
0.0,2018-11-05 23:41:35.662,-33.429825,,SO. 220,Soleado,0.0,1,TWC,2018-11-05 23:41:35.673,2018-11-05 23:41:35.673,1,-70.61958,23.0,22,UTC-0300,km/h,0.0,8.0
0.0,2021-01-04 12:43:54.575,-30.603094,,O. 280,Soleado,0.0,1,TWC,2021-01-04 12:43:54.580,2021-01-04 12:43:54.580,1,-71.20218,17.0,76,UTC-0300,km/h,0.0,8.0
0.0,2018-07-10 18:06:09.464,-30.596592,,O. 270,Soleado,0.0,1,TWC,2018-07-10 18:06:09.466,2018-07-10 18:06:09.466,1,-71.20091,15.0,66,UTC-0400,km/h,0.0,11.0
0.0,2019-05-29 23:37:49.033,-33.4992,,ESE. 120,Nublado,0.0,1,TWC,2019-05-29 23:37:49.034,2019-05-29 23:37:49.034,1,-70.61208,13.0,67,UTC-0400,km/h,0.0,10.0
0.0,2020-01-21 16:30:19.910,-33.45351,,OSO. 250,Soleado,0.0,1,TWC,2020-01-21 16:30:19.912,2020-01-21 16:30:19.912,1,-70.62866,30.0,34,UTC-0300,km/h,0.0,8.0
0.0,2020-06-28 17:17:07.742,-30.597427,,ONO. 300,Muy nublado,0.0,1,TWC,2020-06-28 17:17:07.746,2020-06-28 17:17:07.746,1,-71.194405,18.0,57,UTC-0400,km/h,0.0,8.0
0.0,2020-02-04 20:25:44.430,-33.429573,,OSO. 240,Soleado,0.0,1,TWC,2020-02-04 20:25:44.436,2020-02-04 20:25:44.436,1,-70.619255,29.0,25,UTC-0300,km/h,0.0,14.0
0.0,2020-02-18 19:40:31.311,-41.32941,,O. 260,Muy nublado,0.0,1,TWC,2020-02-18 19:40:31.312,2020-02-18 19:40:31.312,1,-72.961685,18.0,67,UTC-0300,km/h,0.0,14.0
0.0,2020-09-21 13:06:04.431,-33.42477,,NNE. 30,Soleado,0.0,1,TWC,2020-09-21 13:06:04.437,2020-09-21 13:06:04.437,1,-70.61055,17.0,54,UTC-0300,km/h,0.0,0.0
0.0,2019-05-28 19:21:36.404,-33.498257,,SO. 230,Soleado,0.0,1,TWC,2019-05-28 19:21:36.407,2019-05-28 19:21:36.407,1,-70.61013,19.0,34,UTC-0400,km/h,0.0,8.0
0.0,2020-09-13 19:25:55.316,-33.45016,,O. 280,Soleado,0.0,1,TWC,2020-09-13 19:25:55.321,2020-09-13 19:25:55.321,1,-70.61312,22.0,25,UTC-0300,km/h,0.0,8.0
0.0,2018-10-02 20:39:57.251,-33.50047,,SO. 220,Soleado,0.0,1,TWC,2018-10-02 20:39:57.254,2018-10-02 20:39:57.254,1,-70.61606,22.0,18,UTC-0300,km/h,0.0,10.0
0.0,2018-12-15 21:24:50.706,-30.596632,,O. 280,Soleado,0.0,1,TWC,2018-12-15 21:24:50.710,2018-12-15 21:24:50.710,1,-71.20099,23.0,44,UTC-0300,km/h,0.0,19.0
0.0,2019-08-02 17:35:04.832,-33.51687,,SSO. 210,Soleado,0.0,1,TWC,2019-08-02 17:35:04.834,2019-08-02 17:35:04.834,1,-70.597534,15.0,35,UTC-0400,km/h,0.0,3.0
0.0,2018-10-06 02:50:18.662,-33.461185,,SSE. 150,Soleado,0.0,1,TWC,2018-10-06 02:50:18.664,2018-10-06 02:50:18.664,1,-70.67131,14.0,66,UTC-0300,km/h,0.0,5.0
0.0,2019-03-04 18:08:33.004,-33.42401,,O. 280,Soleado,0.0,1,TWC,2019-03-04 18:08:33.007,2019-03-04 18:08:33.007,1,-70.61835,27.0,30,UTC-0300,km/h,0.0,8.0
0.0,2019-07-04 16:25:34.199,-33.4965,,NNO. 330,Soleado,0.0,1,TWC,2019-07-04 16:25:34.204,2019-07-04 16:25:34.204,1,-70.60905,13.0,50,UTC-0400,km/h,0.0,3.0
0.0,2019-08-19 17:55:07.292,-33.500305,,SSO. 210,Muy nublado,0.0,1,TWC,2019-08-19 17:55:07.295,2019-08-19 17:55:07.295,1,-70.611855,14.0,59,UTC-0400,km/h,0.0,8.0
0.0,2020-09-01 18:09:28.931,-33.425156,,OSO. 250,Niebla,0.0,1,TWC,2020-09-01 18:09:28.935,2020-09-01 18:09:28.935,1,-70.61394,11.0,72,UTC-0400,km/h,0.0,5.0
0.0,2018-07-25 23:17:58.857,-33.42873,,SSE. 160,Soleado,0.0,1,TWC,2018-07-25 23:17:58.864,2018-07-25 23:17:58.864,1,-70.62046,14.0,36,UTC-0400,km/h,0.0,10.0
0.0,2019-02-21 21:37:02.165,-33.48636,,SO. 220,Soleado,0.0,1,TWC,2019-02-21 21:37:02.175,2019-02-21 21:37:02.175,1,-70.62586,26.0,45,UTC-0300,km/h,0.0,10.0
0.0,2020-01-04 00:34:19.082,-30.60972,,O. 280,Despejado,0.0,1,TWC,2020-01-04 00:34:19.086,2020-01-04 00:34:19.086,1,-71.19889,17.0,76,UTC-0300,km/h,0.0,11.0
0.0,2019-08-15 20:08:14.120,-33.42912,,SSE. 150,Soleado,0.0,1,TWC,2019-08-15 20:08:14.121,2019-08-15 20:08:14.121,1,-70.6202,17.0,50,UTC-0400,km/h,0.0,21.0
0.0,2018-11-07 12:02:23.855,-33.497314,,ESE. 120,Soleado,0.0,1,TWC,2018-11-07 12:02:23.859,2018-11-07 12:02:23.859,1,-70.6097,20.0,36,UTC-0300,km/h,0.0,3.0
0.0,2020-03-26 15:18:43.793,-33.423218,,OSO. 240,Soleado,0.0,1,TWC,2020-03-26 15:18:43.794,2020-03-26 15:18:43.794,1,-70.61023,23.0,42,UTC-0300,km/h,0.0,8.0
0.0,2019-11-13 20:59:40.555,-33.429043,,SO. 230,Soleado,0.0,1,TWC,2019-11-13 20:59:40.558,2019-11-13 20:59:40.558,1,-70.62003,29.0,29,UTC-0300,km/h,0.0,16.0
0.0,2020-01-04 22:18:32.357,-30.596392,,O. 270,Soleado,0.0,1,TWC,2020-01-04 22:18:32.360,2020-01-04 22:18:32.360,1,-71.189575,23.0,61,UTC-0300,km/h,0.0,19.0
0.0,2020-01-20 16:25:38.396,-33.45497,,OSO. 250,Soleado,0.0,1,TWC,2020-01-20 16:25:38.399,2020-01-20 16:25:38.399,1,-70.59754,29.0,39,UTC-0300,km/h,0.0,8.0
0.0,2021-01-08 20:35:42.307,-30.597595,,O. 270,Soleado,0.0,1,TWC,2021-01-08 20:35:42.312,2021-01-08 20:35:42.312,1,-71.18983,24.0,48,UTC-0300,km/h,0.0,21.0
0.0,2019-12-03 20:15:07.389,-33.50608,,SO. 230,Soleado,0.0,1,TWC,2019-12-03 20:15:07.392,2019-12-03 20:15:07.392,1,-70.63637,29.0,17,UTC-0300,km/h,0.0,13.0
0.0,2020-02-25 14:10:17.420,-35.4272,,SSO. 200,Soleado,0.0,1,TWC,2020-02-25 14:10:17.422,2020-02-25 14:10:17.422,1,-71.66333,17.0,55,UTC-0300,km/h,0.0,13.0
0.0,2020-02-04 09:35:06.344,-33.482838,,SSE. 160,Soleado,0.0,1,TWC,2020-02-04 09:35:06.347,2020-02-04 09:35:06.347,1,-70.68393,15.0,71,UTC-0300,km/h,0.0,0.0
0.0,2019-05-06 14:02:49.250,-33.501022,,N. 350,Nublado,0.0,1,TWC,2019-05-06 14:02:49.257,2019-05-06 14:02:49.257,1,-70.609406,14.0,74,UTC-0400,km/h,0.0,0.0
0.0,2018-09-11 17:46:52.279,-33.498657,,O. 260,Muy nublado,0.0,1,TWC,2018-09-11 17:46:52.291,2018-09-11 17:46:52.291,1,-70.61332,22.0,35,UTC-0300,km/h,0.0,10.0
0.0,2018-11-09 20:45:24.140,-33.437176,,SSO. 200,Soleado,0.0,1,TWC,2018-11-09 20:45:24.146,2018-11-09 20:45:24.146,1,-70.64135,27.0,17,UTC-0300,km/h,0.0,29.0
0.0,2018-04-15 15:22:20.493,-33.428257,,OSO. 240,Soleado,0.0,1,TWC,2018-04-15 15:22:20.495,2018-04-15 15:22:20.495,1,-70.62261,22.0,38,UTC-0300,km/h,0.0,0.0
0.0,2018-07-23 14:53:34.066,-30.596325,,O. 280,Soleado,0.0,1,TWC,2018-07-23 14:53:34.068,2018-07-23 14:53:34.068,1,-71.18965,13.0,57,UTC-0400,km/h,0.0,5.0
0.0,2019-12-09 18:31:51.019,-33.439804,,OSO. 250,Soleado,0.0,1,TWC,2019-12-09 18:31:51.022,2019-12-09 18:31:51.022,1,-70.63981,29.0,30,UTC-0300,km/h,0.0,11.0
0.0,2019-03-07 15:01:38.615,-33.496666,,S. 180,Soleado,0.0,1,TWC,2019-03-07 15:01:38.616,2019-03-07 15:01:38.616,1,-70.609,23.0,41,UTC-0300,km/h,0.0,3.0
0.0,2020-02-18 15:33:15.049,-41.31926,,N. 350,Muy nublado,0.0,1,TWC,2020-02-18 15:33:15.052,2020-02-18 15:33:15.052,1,-72.98015,17.0,66,UTC-0300,km/h,0.0,10.0
0.0,2019-09-03 23:37:13.497,-33.41793,,S. 180,Soleado,0.0,1,TWC,2019-09-03 23:37:13.498,2019-09-03 23:37:13.498,1,-70.65631,18.0,29,UTC-0400,km/h,0.0,11.0
0.0,2019-03-05 20:55:09.444,-33.424046,,SO. 220,Soleado,0.0,1,TWC,2019-03-05 20:55:09.446,2019-03-05 20:55:09.446,1,-70.61839,31.0,22,UTC-0300,km/h,0.0,13.0
0.0,2018-04-10 19:15:14.442,-33.496643,,SSO. 200,Muy nublado,0.0,1,TWC,2018-04-10 19:15:14.445,2018-04-10 19:15:14.445,1,-70.609055,21.0,40,UTC-0300,km/h,0.0,3.0
0.0,2020-02-10 20:00:14.048,-30.599703,,O. 270,Soleado,0.0,1,TWC,2020-02-10 20:00:14.052,2020-02-10 20:00:14.052,1,-71.1941,26.0,48,UTC-0300,km/h,0.0,21.0
0.0,2019-01-20 23:55:17.719,-33.42803,,OSO. 250,Parcialmente nublado,0.0,1,TWC,2019-01-20 23:55:17.721,2019-01-20 23:55:17.721,1,-70.61836,24.0,46,UTC-0300,km/h,0.0,10.0
0.0,2019-04-16 01:03:38.948,-33.510586,,ESE. 120,Soleado,0.0,1,TWC,2019-04-16 01:03:38.949,2019-04-16 01:03:38.949,1,-70.60993,18.0,46,UTC-0400,km/h,0.0,0.0
0.0,2020-06-28 17:34:18.168,-30.59643,,ONO. 290,Muy nublado,0.0,1,TWC,2020-06-28 17:34:18.174,2020-06-28 17:34:18.174,1,-71.189545,18.0,56,UTC-0400,km/h,0.0,10.0
0.0,2019-01-01 08:34:34.429,-30.610706,,O. 270,Despejado,0.0,1,TWC,2019-01-01 08:34:34.434,2019-01-01 08:34:34.434,1,-71.22022,14.0,83,UTC-0300,km/h,0.0,3.0
0.0,2019-06-06 23:55:39.758,-33.499065,,S. 180,Parcialmente nublado,0.0,1,TWC,2019-06-06 23:55:39.763,2019-06-06 23:55:39.763,1,-70.61447,12.0,69,UTC-0400,km/h,0.0,23.0
0.0,2020-10-27 21:09:30.258,-33.43014,,S. 180,Nublado,0.0,1,TWC,2020-10-27 21:09:30.266,2020-10-27 21:09:30.266,1,-70.61978,14.0,50,UTC-0300,km/h,0.0,10.0
0.0,2019-07-15 17:26:14.885,-30.598028,,O. 280,Soleado,0.0,1,TWC,2019-07-15 17:26:14.901,2019-07-15 17:26:14.901,1,-71.18861,21.0,28,UTC-0400,km/h,0.0,13.0
0.0,2018-04-15 21:47:48.579,-33.42953,,OSO. 240,Soleado,0.0,1,TWC,2018-04-15 21:47:48.582,2018-04-15 21:47:48.582,1,-70.61928,25.0,30,UTC-0300,km/h,0.0,8.0
0.0,2019-01-11 01:27:54.390,-33.430317,,SSE. 150,Soleado,0.0,1,TWC,2019-01-11 01:27:54.394,2019-01-11 01:27:54.394,1,-70.61904,19.0,48,UTC-0300,km/h,0.0,13.0
0.0,2018-05-16 19:11:12.338,-33.42801,,SO. 220,Muy nublado,0.0,1,TWC,2018-05-16 19:11:12.342,2018-05-16 19:11:12.342,1,-70.61816,18.0,35,UTC-0400,km/h,0.0,10.0
0.0,2018-10-15 14:18:02.495,-33.5154,,ONO. 290,Soleado,0.0,1,TWC,2018-10-15 14:18:02.498,2018-10-15 14:18:02.498,1,-70.76623,17.0,52,UTC-0300,km/h,0.0,5.0
0.0,2019-06-21 12:43:13.191,-33.5004,,NNE. 20,Bruma,0.0,1,TWC,2019-06-21 12:43:13.192,2019-06-21 12:43:13.192,1,-70.6096,7.0,84,UTC-0400,km/h,0.0,0.0
0.0,2019-07-22 20:01:37.175,-30.587229,,O. 270,Soleado,0.0,1,TWC,2019-07-22 20:01:37.181,2019-07-22 20:01:37.181,1,-71.1831,14.0,48,UTC-0400,km/h,0.0,19.0
0.0,2021-01-11 21:02:42.185,-30.600613,,O. 270,Soleado,0.0,1,TWC,2021-01-11 21:02:42.189,2021-01-11 21:02:42.189,1,-71.19779,26.0,33,UTC-0300,km/h,0.0,23.0
0.0,2019-01-31 20:15:16.280,-33.417816,,O. 270,Soleado,0.0,1,TWC,2019-01-31 20:15:16.282,2019-01-31 20:15:16.282,1,-70.60666,35.0,16,UTC-0300,km/h,0.0,18.0
0.0,2020-06-25 18:32:13.778,-30.59636,,ONO. 300,Nublado,0.0,1,TWC,2020-06-25 18:32:13.781,2020-06-25 18:32:13.781,1,-71.18955,15.0,54,UTC-0400,km/h,0.0,8.0
0.0,2018-08-10 19:14:39.587,-33.499813,,SO. 230,Soleado,0.0,1,TWC,2018-08-10 19:14:39.589,2018-08-10 19:14:39.589,1,-70.6122,23.0,28,UTC-0400,km/h,0.0,5.0
0.0,2019-07-06 16:52:11.318,-33.430054,,O. 260,Muy nublado,0.0,1,TWC,2019-07-06 16:52:11.319,2019-07-06 16:52:11.319,1,-70.61964,16.0,52,UTC-0400,km/h,0.0,8.0
0.0,2019-01-28 22:33:49.560,-33.42981,,O. 270,Soleado,0.0,1,TWC,2019-01-28 22:33:49.563,2019-01-28 22:33:49.563,1,-70.61963,31.0,26,UTC-0300,km/h,0.0,14.0
0.0,2020-12-31 16:59:04.958,-30.596504,,O. 280,Soleado,0.0,1,TWC,2020-12-31 16:59:04.978,2020-12-31 16:59:04.978,1,-71.18944,27.0,45,UTC-0300,km/h,0.0,19.0
0.0,2019-10-18 21:15:13.997,-33.510204,,SO. 230,Soleado,0.0,1,TWC,2019-10-18 21:15:14.000,2019-10-18 21:15:14.000,1,-70.607735,24.0,27,UTC-0300,km/h,0.0,10.0
0.0,2020-02-25 14:35:12.487,-35.427345,,SSO. 200,Soleado,0.0,1,TWC,2020-02-25 14:35:12.489,2020-02-25 14:35:12.489,1,-71.65476,19.0,50,UTC-0300,km/h,0.0,13.0
0.0,2019-11-04 20:06:17.796,-33.43756,,SO. 230,Muy nublado,0.0,1,TWC,2019-11-04 20:06:17.797,2019-11-04 20:06:17.797,1,-70.6148,21.0,41,UTC-0300,km/h,0.0,11.0
0.0,2018-11-01 08:18:19.880,-30.596384,,ESE. 120,Despejado,0.0,1,TWC,2018-11-01 08:18:19.889,2018-11-01 08:18:19.889,1,-71.18956,13.0,82,UTC-0300,km/h,0.0,3.0
0.0,2019-01-25 13:52:15.621,-33.50051,,N. 0,Soleado,0.0,1,TWC,2019-01-25 13:52:15.624,2019-01-25 13:52:15.624,1,-70.61443,24.0,59,UTC-0300,km/h,0.0,3.0
0.0,2020-01-14 19:55:05.875,-33.43024,,OSO. 240,Soleado,0.0,1,TWC,2020-01-14 19:55:05.877,2020-01-14 19:55:05.877,1,-70.61981,31.0,22,UTC-0300,km/h,0.0,16.0
0.0,2019-03-16 19:41:30.323,-30.60553,,O. 270,Soleado,0.0,1,TWC,2019-03-16 19:41:30.326,2019-03-16 19:41:30.326,1,-71.19545,24.0,47,UTC-0300,km/h,0.0,19.0
0.0,2019-05-16 18:11:49.506,-33.500057,,SSO. 210,Bruma,0.0,1,TWC,2019-05-16 18:11:49.507,2019-05-16 18:11:49.507,1,-70.61605,16.0,58,UTC-0400,km/h,0.0,8.0
0.0,2018-08-27 13:09:24.547,-33.497635,,SE. 130,Soleado,0.0,1,TWC,2018-08-27 13:09:24.552,2018-08-27 13:09:24.552,1,-70.60997,9.0,80,UTC-0300,km/h,0.0,0.0
0.0,2019-03-01 17:43:19.831,-30.606901,,O. 270,Soleado,0.0,1,TWC,2019-03-01 17:43:19.838,2019-03-01 17:43:19.838,1,-71.19402,25.0,50,UTC-0300,km/h,0.0,18.0
0.0,2018-07-21 22:35:07.273,-30.60052,,O. 280,Parcialmente nublado,0.0,1,TWC,2018-07-21 22:35:07.279,2018-07-21 22:35:07.279,1,-71.19396,12.0,76,UTC-0400,km/h,0.0,6.0
0.0,2018-07-19 23:18:52.728,-30.59676,,O. 280,Despejado,0.0,1,TWC,2018-07-19 23:18:52.732,2018-07-19 23:18:52.732,1,-71.18973,7.0,72,UTC-0400,km/h,0.0,6.0
0.0,2019-03-11 19:06:24.568,-33.498146,,SSO. 210,Soleado,0.0,1,TWC,2019-03-11 19:06:24.570,2019-03-11 19:06:24.570,1,-70.60985,28.0,30,UTC-0300,km/h,0.0,8.0
0.0,2019-04-03 22:18:16.001,-33.49989,,OSO. 240,Soleado,0.0,1,TWC,2019-04-03 22:18:16.002,2019-04-03 22:18:16.002,1,-70.6165,19.0,65,UTC-0300,km/h,0.0,10.0
0.0,2019-01-18 20:59:13.353,-33.428917,,SO. 230,Soleado,0.0,1,TWC,2019-01-18 20:59:13.355,2019-01-18 20:59:13.355,1,-70.61931,33.0,23,UTC-0300,km/h,0.0,16.0
0.0,2018-04-08 01:22:52.356,-33.427353,,SSE. 150,Soleado,0.0,1,TWC,2018-04-08 01:22:52.368,2018-04-08 01:22:52.368,1,-70.61668,17.0,55,UTC-0300,km/h,0.0,13.0
0.0,2019-03-07 15:47:28.626,-33.50021,,N. 350,Soleado,0.0,1,TWC,2019-03-07 15:47:28.627,2019-03-07 15:47:28.627,1,-70.611855,25.0,35,UTC-0300,km/h,0.0,3.0
0.0,2019-10-03 18:28:58.026,-33.500328,,SSO. 200,Parcialmente nublado,0.0,1,TWC,2019-10-03 18:28:58.028,2019-10-03 18:28:58.028,1,-70.612434,17.0,34,UTC-0300,km/h,0.0,10.0
0.0,2019-07-14 16:55:02.428,-30.603786,,O. 270,Soleado,0.0,1,TWC,2019-07-14 16:55:02.431,2019-07-14 16:55:02.431,1,-71.19572,17.0,41,UTC-0400,km/h,0.0,13.0
0.0,2020-09-24 15:30:07.302,-33.42985,,NO. 320,Soleado,0.0,1,TWC,2020-09-24 15:30:07.311,2020-09-24 15:30:07.311,1,-70.61951,23.0,39,UTC-0300,km/h,0.0,5.0
0.0,2019-12-22 19:28:32.838,-30.59663,,O. 280,Soleado,0.0,1,TWC,2019-12-22 19:28:32.841,2019-12-22 19:28:32.841,1,-71.20098,26.0,40,UTC-0300,km/h,0.0,23.0
0.0,2019-04-29 18:08:20.441,-33.500515,,SSO. 210,Parcialmente nublado,0.0,1,TWC,2019-04-29 18:08:20.444,2019-04-29 18:08:20.444,1,-70.612434,22.0,42,UTC-0400,km/h,0.0,8.0
0.0,2020-07-15 19:00:29.591,-30.596434,,O. 270,Soleado,0.0,1,TWC,2020-07-15 19:00:29.596,2020-07-15 19:00:29.596,1,-71.18956,18.0,59,UTC-0400,km/h,0.0,13.0
0.0,2018-08-29 13:15:19.314,-33.497772,,E. 80,Soleado,0.0,1,TWC,2018-08-29 13:15:19.316,2018-08-29 13:15:19.316,1,-70.60986,8.0,78,UTC-0300,km/h,0.0,0.0
0.0,2020-07-30 21:20:10.094,-30.59615,,O. 280,Parcialmente nublado,0.0,1,TWC,2020-07-30 21:20:10.101,2020-07-30 21:20:10.101,1,-71.19049,19.0,41,UTC-0400,km/h,0.0,11.0
0.0,2019-04-10 12:18:27.000,-33.500175,,N. 10,Niebla,0.0,1,TWC,2019-04-10 12:18:27.002,2019-04-10 12:18:27.002,1,-70.609695,12.0,81,UTC-0400,km/h,0.0,0.0
0.0,2020-01-16 23:13:31.902,-33.429855,,SSO. 210,Soleado,0.0,1,TWC,2020-01-16 23:13:31.908,2020-01-16 23:13:31.908,1,-70.61963,29.0,24,UTC-0300,km/h,0.0,13.0
0.0,2018-04-16 13:03:58.757,-33.497543,,NE. 50,Soleado,0.0,1,TWC,2018-04-16 13:03:58.760,2018-04-16 13:03:58.760,1,-70.60908,14.0,72,UTC-0300,km/h,0.0,0.0
0.0,2019-10-15 21:36:00.489,-33.486423,,SSO. 210,Muy nublado,0.0,1,TWC,2019-10-15 21:36:00.491,2019-10-15 21:36:00.491,1,-70.619156,22.0,38,UTC-0300,km/h,0.0,11.0
0.0,2018-05-03 18:27:48.482,-33.497723,,SSO. 200,Soleado,0.0,1,TWC,2018-05-03 18:27:48.486,2018-05-03 18:27:48.486,1,-70.616066,24.0,31,UTC-0300,km/h,0.0,5.0
0.0,2020-01-06 22:53:51.148,-33.42982,,OSO. 240,Soleado,0.0,1,TWC,2020-01-06 22:53:51.151,2020-01-06 22:53:51.151,1,-70.61962,24.0,38,UTC-0300,km/h,0.0,13.0
0.0,2019-02-28 14:46:16.538,-30.59806,,O. 270,Soleado,0.0,1,TWC,2019-02-28 14:46:16.545,2019-02-28 14:46:16.545,1,-71.18867,22.0,61,UTC-0300,km/h,0.0,13.0
0.0,2019-11-12 15:43:30.214,-33.49224,,SSO. 210,Soleado,0.0,1,TWC,2019-11-12 15:43:30.216,2019-11-12 15:43:30.216,1,-70.617165,26.0,44,UTC-0300,km/h,0.0,10.0
0.0,2021-01-12 11:50:43.573,-30.60093,,O. 280,Soleado,0.0,1,TWC,2021-01-12 11:50:43.577,2021-01-12 11:50:43.577,1,-71.19909,16.0,65,UTC-0300,km/h,0.0,5.0
0.0,2018-05-05 15:43:01.160,-33.49922,,SSE. 150,Soleado,0.0,1,TWC,2018-05-05 15:43:01.164,2018-05-05 15:43:01.164,1,-70.61578,20.0,41,UTC-0300,km/h,0.0,3.0
0.0,2020-09-29 15:19:44.263,-33.424873,,ESE. 110,Muy nublado,0.0,1,TWC,2020-09-29 15:19:44.311,2020-09-29 15:19:44.311,1,-70.61041,12.0,65,UTC-0300,km/h,0.0,5.0
0.0,2018-05-23 16:52:51.066,-33.499348,,S. 190,Soleado,0.0,1,TWC,2018-05-23 16:52:51.071,2018-05-23 16:52:51.071,1,-70.61635,21.0,28,UTC-0400,km/h,0.0,2.0
0.0,2018-07-15 08:54:37.688,-30.611547,,E. 100,Parcialmente nublado,0.0,1,TWC,2018-07-15 08:54:37.691,2018-07-15 08:54:37.691,1,-71.20279,10.0,86,UTC-0400,km/h,0.0,5.0
0.0,2019-02-21 23:26:52.774,-33.48655,,OSO. 240,Soleado,0.0,1,TWC,2019-02-21 23:26:52.776,2019-02-21 23:26:52.776,1,-70.61976,23.0,56,UTC-0300,km/h,0.0,11.0
0.0,2018-07-07 16:57:51.583,-30.596481,,OSO. 250,Soleado,0.0,1,TWC,2018-07-07 16:57:51.585,2018-07-07 16:57:51.585,1,-71.18956,19.0,44,UTC-0400,km/h,0.0,11.0
0.0,2020-01-15 16:11:28.866,-33.473427,,OSO. 250,Soleado,0.0,1,TWC,2020-01-15 16:11:28.867,2020-01-15 16:11:28.867,1,-70.623215,29.0,30,UTC-0300,km/h,0.0,5.0
0.0,2018-05-13 18:35:23.293,-33.418266,,S. 190,Niebla,0.0,1,TWC,2018-05-13 18:35:23.299,2018-05-13 18:35:23.299,1,-70.60619,15.0,58,UTC-0400,km/h,0.0,3.0
0.0,2020-01-23 16:08:51.230,-33.455193,,OSO. 240,Soleado,0.0,1,TWC,2020-01-23 16:08:51.232,2020-01-23 16:08:51.232,1,-70.59665,27.0,42,UTC-0300,km/h,0.0,10.0
0.0,2018-05-16 17:10:13.013,-33.430954,,S. 170,Muy nublado,0.0,1,TWC,2018-05-16 17:10:13.017,2018-05-16 17:10:13.017,1,-70.61887,18.0,42,UTC-0400,km/h,0.0,3.0
0.0,2018-07-21 22:56:23.812,-30.596563,,O. 280,Parcialmente nublado,0.0,1,TWC,2018-07-21 22:56:23.814,2018-07-21 22:56:23.814,1,-71.18932,11.0,79,UTC-0400,km/h,0.0,6.0
0.0,2019-03-06 21:37:39.905,-33.50394,,OSO. 240,Soleado,0.0,1,TWC,2019-03-06 21:37:39.909,2019-03-06 21:37:39.909,1,-70.6148,30.0,21,UTC-0300,km/h,0.0,14.0
0.0,2018-10-05 00:17:17.254,-33.429356,,OSO. 250,Parcialmente nublado,0.0,1,TWC,2018-10-05 00:17:17.257,2018-10-05 00:17:17.257,1,-70.61919,18.0,49,UTC-0300,km/h,0.0,8.0
0.0,2018-03-20 15:41:53.485,-33.499928,,OSO. 250,Soleado,0.0,1,TWC,2018-03-20 15:41:53.502,2018-03-20 15:41:53.502,1,-70.611855,23.0,36,UTC-0300,km/h,0.0,5.0
0.0,2019-09-25 16:35:03.767,-33.495937,,SSO. 200,Bruma,0.0,1,TWC,2019-09-25 16:35:03.773,2019-09-25 16:35:03.773,1,-70.606995,24.0,32,UTC-0300,km/h,0.0,8.0
0.0,2021-01-07 14:16:25.239,-30.596415,,O. 260,Soleado,0.0,1,TWC,2021-01-07 14:16:25.243,2021-01-07 14:16:25.243,1,-71.18957,21.0,59,UTC-0300,km/h,0.0,14.0
0.0,2019-07-13 23:14:22.133,-30.598278,,O. 260,Despejado,0.0,1,TWC,2019-07-13 23:14:22.135,2019-07-13 23:14:22.135,1,-71.18391,11.0,67,UTC-0400,km/h,0.0,6.0
0.0,2018-12-26 09:04:03.627,-33.453106,,SSE. 150,Parcialmente nublado,0.0,1,TWC,2018-12-26 09:04:03.635,2018-12-26 09:04:03.635,1,-70.65596,14.0,86,UTC-0300,km/h,0.0,11.0
0.0,2019-01-10 12:02:14.746,-33.49926,,SSE. 160,Soleado,0.0,1,TWC,2019-01-10 12:02:14.749,2019-01-10 12:02:14.749,1,-70.615074,16.0,70,UTC-0300,km/h,0.0,0.0
0.0,2018-12-23 00:47:09.411,-30.59931,,O. 280,Despejado,0.0,1,TWC,2018-12-23 00:47:09.413,2018-12-23 00:47:09.413,1,-71.189224,18.0,70,UTC-0300,km/h,0.0,11.0
0.0,2020-08-03 20:33:56.650,-30.596373,,O. 280,Soleado,0.0,1,TWC,2020-08-03 20:33:56.663,2020-08-03 20:33:56.663,1,-71.18955,19.0,54,UTC-0400,km/h,0.0,14.0
0.0,2018-10-25 21:15:16.446,-33.493877,,SO. 220,Nublado,0.0,1,TWC,2018-10-25 21:15:16.448,2018-10-25 21:15:16.448,1,-70.616905,21.0,38,UTC-0300,km/h,0.0,8.0
0.0,2020-02-11 22:40:15.352,-33.417614,,OSO. 250,Soleado,0.0,1,TWC,2020-02-11 22:40:15.353,2020-02-11 22:40:15.353,1,-70.60632,27.0,41,UTC-0300,km/h,0.0,11.0
0.0,2019-12-13 11:20:08.877,-33.500336,,ESE. 120,Soleado,0.0,1,TWC,2019-12-13 11:20:08.885,2019-12-13 11:20:08.885,1,-70.61301,19.0,37,UTC-0300,km/h,0.0,0.0
0.0,2019-08-20 22:35:01.936,-33.51272,,O. 280,Soleado,0.0,1,TWC,2019-08-20 22:35:01.938,2019-08-20 22:35:01.938,1,-70.60662,21.0,32,UTC-0400,km/h,0.0,3.0
0.0,2018-11-08 23:28:12.136,-33.486546,,SSO. 210,Soleado,0.0,1,TWC,2018-11-08 23:28:12.141,2018-11-08 23:28:12.141,1,-70.61958,24.0,28,UTC-0300,km/h,0.0,27.0
0.0,2021-01-11 22:28:47.653,-30.596415,,O. 270,Soleado,0.0,1,TWC,2021-01-11 22:28:47.660,2021-01-11 22:28:47.660,1,-71.18956,24.0,36,UTC-0300,km/h,0.0,19.0
0.0,2018-11-23 19:51:57.394,-33.718708,,OSO. 240,Soleado,0.0,1,TWC,2018-11-23 19:51:57.400,2018-11-23 19:51:57.400,1,-70.92552,32.0,19,UTC-0300,km/h,0.0,21.0
0.0,2020-01-28 20:33:49.789,-33.54088,,OSO. 250,Soleado,0.0,1,TWC,2020-01-28 20:33:49.795,2020-01-28 20:33:49.795,1,-70.5906,31.0,31,UTC-0300,km/h,0.0,16.0
0.0,2020-10-03 15:56:18.603,-33.42169,,SO. 220,Soleado,0.0,1,TWC,2020-10-03 15:56:18.607,2020-10-03 15:56:18.607,1,-70.6083,14.0,42,UTC-0300,km/h,0.0,8.0
0.0,2018-05-16 21:39:14.959,-33.429577,,SSE. 160,Nublado,0.0,1,TWC,2018-05-16 21:39:14.962,2018-05-16 21:39:14.962,1,-70.619514,17.0,47,UTC-0400,km/h,0.0,13.0
0.0,2020-01-29 16:01:41.195,-33.500813,,SO. 230,Soleado,0.0,1,TWC,2020-01-29 16:01:41.197,2020-01-29 16:01:41.197,1,-70.610634,26.0,47,UTC-0300,km/h,0.0,8.0
0.0,2018-11-18 18:57:10.050,-33.429832,,SSO. 200,Soleado,0.0,1,TWC,2018-11-18 18:57:10.052,2018-11-18 18:57:10.052,1,-70.619606,31.0,12,UTC-0300,km/h,0.0,10.0
0.0,2018-05-24 18:28:42.047,-33.467186,,SSO. 200,Soleado,0.0,1,TWC,2018-05-24 18:28:42.054,2018-05-24 18:28:42.054,1,-70.62571,24.0,15,UTC-0400,km/h,0.0,5.0
0.0,2019-05-23 18:35:03.696,-33.50063,,SSO. 200,Soleado,0.0,1,TWC,2019-05-23 18:35:03.698,2019-05-23 18:35:03.698,1,-70.61073,21.0,18,UTC-0400,km/h,0.0,3.0
0.0,2019-10-13 03:48:30.527,-33.41954,,ESE. 110,Muy nublado,0.0,1,TWC,2019-10-13 03:48:30.533,2019-10-13 03:48:30.533,1,-70.605286,15.0,59,UTC-0300,km/h,0.0,0.0
0.0,2020-02-27 17:47:52.894,-33.417736,,O. 260,Soleado,0.0,1,TWC,2020-02-27 17:47:52.899,2020-02-27 17:47:52.899,1,-70.60476,32.0,19,UTC-0300,km/h,0.0,10.0
0.0,2019-03-30 15:25:58.636,-33.417324,,SSO. 210,Muy nublado,0.0,1,TWC,2019-03-30 15:25:58.637,2019-03-30 15:25:58.637,1,-70.60727,21.0,49,UTC-0300,km/h,0.0,5.0
0.0,2019-01-27 15:34:50.490,-33.433144,,S. 190,Soleado,0.0,1,TWC,2019-01-27 15:34:50.507,2019-01-27 15:34:50.507,1,-70.61666,31.0,27,UTC-0300,km/h,0.0,8.0
0.0,2019-03-02 00:30:42.598,-30.596384,,O. 280,Despejado,0.0,1,TWC,2019-03-02 00:30:42.604,2019-03-02 00:30:42.604,1,-71.18954,18.0,69,UTC-0300,km/h,0.0,10.0
0.0,2018-03-24 20:22:00.792,-33.42957,,SO. 220,Soleado,0.0,1,TWC,2018-03-24 20:22:00.797,2018-03-24 20:22:00.797,1,-70.619,28.0,17,UTC-0300,km/h,0.0,10.0
0.0,2019-08-22 22:16:44.625,-33.49915,,S. 190,Soleado,0.0,1,TWC,2019-08-22 22:16:44.627,2019-08-22 22:16:44.627,1,-70.616005,25.0,26,UTC-0400,km/h,0.0,0.0
0.0,2018-09-21 19:22:33.658,-33.429768,,OSO. 240,Soleado,0.0,1,TWC,2018-09-21 19:22:33.664,2018-09-21 19:22:33.664,1,-70.6196,27.0,19,UTC-0300,km/h,0.0,8.0
0.0,2020-10-19 23:59:18.061,-33.429775,,SO. 220,Parcialmente nublado/Viento,0.0,1,TWC,2020-10-19 23:59:18.073,2020-10-19 23:59:18.073,1,-70.61959,18.0,48,UTC-0300,km/h,0.0,34.0
0.0,2018-04-01 00:52:42.811,-30.596106,,ONO. 290,Despejado,0.0,1,TWC,2018-04-01 00:52:42.816,2018-04-01 00:52:42.816,1,-71.18936,16.0,82,UTC-0300,km/h,0.0,6.0
0.0,2018-09-03 21:04:13.296,-33.429775,,S. 190,Soleado,0.0,1,TWC,2018-09-03 21:04:13.298,2018-09-03 21:04:13.298,1,-70.61958,28.0,14,UTC-0300,km/h,0.0,3.0
0.0,2018-08-08 02:50:36.212,-33.42985,,E. 80,Soleado,0.0,1,TWC,2018-08-08 02:50:36.214,2018-08-08 02:50:36.214,1,-70.61957,7.0,46,UTC-0400,km/h,0.0,5.0
0.0,2019-11-25 16:45:02.431,-33.426014,,S. 170,Nublado,0.0,1,TWC,2019-11-25 16:45:02.433,2019-11-25 16:45:02.433,1,-70.61479,18.0,55,UTC-0300,km/h,0.0,8.0
0.0,2019-03-01 18:01:58.178,-30.599018,,O. 270,Soleado,0.0,1,TWC,2019-03-01 18:01:58.181,2019-03-01 18:01:58.181,1,-71.1896,25.0,48,UTC-0300,km/h,0.0,18.0
0.0,2019-10-18 20:13:34.591,-33.5176,,OSO. 240,Soleado,0.0,1,TWC,2019-10-18 20:13:34.592,2019-10-18 20:13:34.592,1,-70.611824,24.0,27,UTC-0300,km/h,0.0,11.0
0.0,2018-10-11 00:20:00.179,-33.428448,,SSE. 160,Nublado,0.0,1,TWC,2018-10-11 00:20:00.184,2018-10-11 00:20:00.184,1,-70.61889,16.0,59,UTC-0300,km/h,0.0,3.0
0.0,2020-07-30 20:48:33.566,-30.595499,,O. 280,Soleado,0.0,1,TWC,2020-07-30 20:48:33.567,2020-07-30 20:48:33.567,1,-71.17995,21.0,38,UTC-0400,km/h,0.0,11.0
0.0,2020-10-03 16:26:02.176,-33.42975,,SSO. 200,Soleado,0.0,1,TWC,2020-10-03 16:26:02.177,2020-10-03 16:26:02.177,1,-70.61961,14.0,46,UTC-0300,km/h,0.0,13.0
0.0,2019-04-08 14:04:40.061,-33.50103,,SO. 220,Soleado,0.0,1,TWC,2019-04-08 14:04:40.063,2019-04-08 14:04:40.063,1,-70.60887,18.0,56,UTC-0400,km/h,0.0,0.0
0.0,2018-04-17 21:55:15.681,-33.446804,,SO. 220,Soleado,0.0,1,TWC,2018-04-17 21:55:15.685,2018-04-17 21:55:15.685,1,-70.638596,24.0,36,UTC-0300,km/h,0.0,10.0
0.0,2020-02-01 13:32:57.974,-33.45659,,SSO. 210,Soleado,0.0,1,TWC,2020-02-01 13:32:57.978,2020-02-01 13:32:57.978,1,-70.61409,23.0,40,UTC-0300,km/h,0.0,3.0
0.0,2019-08-31 15:41:05.584,-33.429478,,NO. 320,Soleado,0.0,1,TWC,2019-08-31 15:41:05.586,2019-08-31 15:41:05.586,1,-70.61949,17.0,36,UTC-0400,km/h,0.0,3.0
0.0,2019-03-29 18:21:04.422,-33.58075,,OSO. 240,Bruma,0.0,1,TWC,2019-03-29 18:21:04.429,2019-03-29 18:21:04.429,1,-70.40823,27.0,26,UTC-0300,km/h,0.0,13.0
0.0,2018-11-22 21:22:40.874,-33.500347,,SSO. 200,Parcialmente nublado,0.0,1,TWC,2018-11-22 21:22:40.878,2018-11-22 21:22:40.878,1,-70.6161,29.0,29,UTC-0300,km/h,0.0,8.0
0.0,2019-02-02 21:41:09.379,-30.599443,,O. 270,Soleado,0.0,1,TWC,2019-02-02 21:41:09.385,2019-02-02 21:41:09.385,1,-71.18359,26.0,52,UTC-0300,km/h,0.0,19.0
0.0,2019-01-29 13:11:56.744,-33.422997,,O. 280,Soleado,0.0,1,TWC,2019-01-29 13:11:56.748,2019-01-29 13:11:56.748,1,-70.61852,23.0,38,UTC-0300,km/h,0.0,5.0
0.0,2020-04-07 20:15:04.010,-30.598032,,O. 280,Soleado,0.0,1,TWC,2020-04-07 20:15:04.013,2020-04-07 20:15:04.013,1,-71.18857,24.0,48,UTC-0400,km/h,0.0,18.0
0.0,2020-02-23 16:55:20.349,-39.866047,,OSO. 250,Parcialmente nublado,0.0,1,TWC,2020-02-23 16:55:20.365,2020-02-23 16:55:20.365,1,-73.39661,19.0,69,UTC-0300,km/h,0.0,14.0
0.0,2018-10-11 00:06:31.854,-33.425644,,SO. 230,Bruma,0.0,1,TWC,2018-10-11 00:06:31.856,2018-10-11 00:06:31.856,1,-70.61406,17.0,51,UTC-0300,km/h,0.0,8.0
0.0,2020-01-30 11:31:02.786,-33.49905,,SE. 130,Soleado,0.0,1,TWC,2020-01-30 11:31:02.802,2020-01-30 11:31:02.802,1,-70.60959,18.0,55,UTC-0300,km/h,0.0,6.0
0.0,2020-04-26 20:16:05.095,-30.598,,O. 270,Soleado,0.0,1,TWC,2020-04-26 20:16:05.098,2020-04-26 20:16:05.098,1,-71.18859,20.0,49,UTC-0400,km/h,0.0,19.0
0.0,2020-06-25 18:16:08.049,-30.600565,,ONO. 290,Nublado,0.0,1,TWC,2020-06-25 18:16:08.051,2020-06-25 18:16:08.051,1,-71.18854,14.0,54,UTC-0400,km/h,0.0,8.0
0.0,2020-12-24 10:03:48.238,-30.605255,,SO. 220,Soleado,0.0,1,TWC,2020-12-24 10:03:48.245,2020-12-24 10:03:48.245,1,-71.1896,13.0,92,UTC-0300,km/h,0.0,5.0
0.0,2019-05-20 19:15:10.795,-33.420185,,SO. 230,Muy nublado,0.0,1,TWC,2019-05-20 19:15:10.803,2019-05-20 19:15:10.803,1,-70.65483,11.0,57,UTC-0400,km/h,0.0,13.0
0.0,2020-12-21 08:41:41.147,-33.48363,,ESE. 120,Soleado,0.0,1,TWC,2020-12-21 08:41:41.151,2020-12-21 08:41:41.151,1,-70.68374,15.0,57,UTC-0300,km/h,0.0,0.0
0.0,2019-06-14 12:42:45.924,-33.500694,,ENE. 60,Soleado,0.0,1,TWC,2019-06-14 12:42:45.926,2019-06-14 12:42:45.926,1,-70.608574,4.0,87,UTC-0400,km/h,0.0,3.0
0.0,2018-04-19 21:06:19.756,-33.438717,,OSO. 250,Bruma,0.0,1,TWC,2018-04-19 21:06:19.768,2018-04-19 21:06:19.768,1,-70.621796,26.0,28,UTC-0300,km/h,0.0,8.0
0.0,2019-06-20 21:35:04.452,-33.51436,,O. 270,Soleado,0.0,1,TWC,2019-06-20 21:35:04.454,2019-06-20 21:35:04.454,1,-70.60037,16.0,40,UTC-0400,km/h,0.0,3.0
0.0,2019-05-20 21:51:05.140,-33.460682,,E. 80,Parcialmente nublado,0.0,1,TWC,2019-05-20 21:51:05.147,2019-05-20 21:51:05.147,1,-70.69049,10.0,59,UTC-0400,km/h,0.0,3.0
0.0,2018-11-24 22:55:47.289,-33.429813,,OSO. 240,Soleado,0.0,1,TWC,2018-11-24 22:55:47.295,2018-11-24 22:55:47.295,1,-70.61964,27.0,17,UTC-0300,km/h,0.0,16.0
0.0,2020-09-24 20:04:51.072,-33.42979,,SO. 230,Soleado,0.0,1,TWC,2020-09-24 20:04:51.074,2020-09-24 20:04:51.074,1,-70.61955,22.0,39,UTC-0300,km/h,0.0,14.0
0.0,2018-07-15 07:18:52.731,-30.590965,,E. 80,Parcialmente nublado,0.0,1,TWC,2018-07-15 07:18:52.741,2018-07-15 07:18:52.741,1,-71.17512,10.0,84,UTC-0400,km/h,0.0,6.0
0.0,2019-01-06 14:21:41.162,-33.447865,,S. 170,Soleado,0.0,1,TWC,2019-01-06 14:21:41.169,2019-01-06 14:21:41.169,1,-70.65978,20.0,63,UTC-0300,km/h,0.0,8.0
0.0,2019-03-16 20:03:11.731,-30.597874,,O. 270,Soleado,0.0,1,TWC,2019-03-16 20:03:11.733,2019-03-16 20:03:11.733,1,-71.197754,23.0,47,UTC-0300,km/h,0.0,19.0
0.0,2020-10-26 13:12:11.820,-33.48299,,SSE. 150,Soleado,0.0,1,TWC,2020-10-26 13:12:11.827,2020-10-26 13:12:11.827,1,-70.68341,17.0,58,UTC-0300,km/h,0.0,2.0
0.0,2018-04-23 18:28:10.699,-33.499424,,O. 280,Muy nublado,0.0,1,TWC,2018-04-23 18:28:10.701,2018-04-23 18:28:10.701,1,-70.61577,21.0,42,UTC-0300,km/h,0.0,5.0
0.0,2020-08-03 20:15:05.125,-30.597406,,O. 270,Soleado,0.0,1,TWC,2020-08-03 20:15:05.129,2020-08-03 20:15:05.129,1,-71.19354,19.0,52,UTC-0400,km/h,0.0,14.0
0.0,2019-11-11 19:52:14.638,-33.51302,,SSO. 210,Soleado,0.0,1,TWC,2019-11-11 19:52:14.639,2019-11-11 19:52:14.639,1,-70.60603,27.0,39,UTC-0300,km/h,0.0,27.0
0.0,2019-12-24 15:27:45.790,-30.59796,,O. 260,Soleado,0.0,1,TWC,2019-12-24 15:27:45.797,2019-12-24 15:27:45.797,1,-71.184494,22.0,62,UTC-0300,km/h,0.0,18.0
0.0,2019-06-05 12:22:40.062,-33.50127,,NE. 50,Soleado,0.0,1,TWC,2019-06-05 12:22:40.063,2019-06-05 12:22:40.063,1,-70.608536,7.0,72,UTC-0400,km/h,0.0,5.0
0.0,2018-04-19 21:33:10.360,-33.423172,,S. 190,Soleado,0.0,1,TWC,2018-04-19 21:33:10.363,2018-04-19 21:33:10.363,1,-70.61043,24.0,30,UTC-0300,km/h,0.0,8.0
0.0,2018-08-07 23:19:17.718,-33.42941,,O. 260,Soleado,0.0,1,TWC,2018-08-07 23:19:17.722,2018-08-07 23:19:17.722,1,-70.61957,11.0,48,UTC-0400,km/h,0.0,8.0
0.0,2019-11-04 19:15:54.941,-33.51272,,S. 190,Muy nublado,0.0,1,TWC,2019-11-04 19:15:54.945,2019-11-04 19:15:54.945,1,-70.60662,21.0,45,UTC-0300,km/h,0.0,11.0
0.0,2021-01-08 19:08:05.172,-30.600548,,O. 270,Soleado,0.0,1,TWC,2021-01-08 19:08:05.176,2021-01-08 19:08:05.176,1,-71.195984,25.0,46,UTC-0300,km/h,0.0,23.0
0.0,2019-01-27 16:39:37.266,-33.429825,,S. 190,Soleado,0.0,1,TWC,2019-01-27 16:39:37.268,2019-01-27 16:39:37.268,1,-70.619606,32.0,26,UTC-0300,km/h,0.0,8.0
0.0,2018-11-09 23:17:56.008,-33.429565,,SSE. 160,Soleado,0.0,1,TWC,2018-11-09 23:17:56.010,2018-11-09 23:17:56.010,1,-70.61964,22.0,25,UTC-0300,km/h,0.0,21.0
0.0,2021-01-19 14:08:59.664,-30.596413,,O. 270,Soleado,0.0,1,TWC,2021-01-19 14:08:59.669,2021-01-19 14:08:59.669,1,-71.18956,21.0,61,UTC-0300,km/h,0.0,13.0
0.0,2020-01-25 13:26:12.092,-33.41574,,SSO. 210,Soleado,0.0,1,TWC,2020-01-25 13:26:12.093,2020-01-25 13:26:12.093,1,-70.53966,24.0,42,UTC-0300,km/h,0.0,3.0
0.0,2018-10-02 13:05:31.824,-33.429058,,NNO. 340,Soleado,0.0,1,TWC,2018-10-02 13:05:31.827,2018-10-02 13:05:31.827,1,-70.618546,11.0,73,UTC-0300,km/h,0.0,0.0
0.0,2021-01-05 15:15:07.549,-30.597107,,O. 270,Soleado,0.0,1,TWC,2021-01-05 15:15:07.553,2021-01-05 15:15:07.553,1,-71.190025,22.0,61,UTC-0300,km/h,0.0,16.0
0.0,2018-12-26 08:36:11.537,-33.485287,,S. 170,Soleado,0.0,1,TWC,2018-12-26 08:36:11.541,2018-12-26 08:36:11.541,1,-70.68283,14.0,85,UTC-0300,km/h,0.0,14.0
0.0,2019-03-25 19:59:51.655,-33.497467,,SSO. 210,Soleado,0.0,1,TWC,2019-03-25 19:59:51.658,2019-03-25 19:59:51.658,1,-70.61366,28.0,30,UTC-0300,km/h,0.0,11.0
0.0,2019-11-04 12:51:50.217,-33.499065,,SO. 230,Muy nublado,0.0,1,TWC,2019-11-04 12:51:50.219,2019-11-04 12:51:50.219,1,-70.61373,12.0,70,UTC-0300,km/h,0.0,0.0
0.0,2021-01-08 21:04:20.238,-30.595459,,O. 270,Soleado,0.0,1,TWC,2021-01-08 21:04:20.241,2021-01-08 21:04:20.241,1,-71.193535,24.0,49,UTC-0300,km/h,0.0,19.0
0.0,2018-10-15 11:53:05.857,-33.39212,,NE. 40,Soleado,0.0,1,TWC,2018-10-15 11:53:05.860,2018-10-15 11:53:05.860,1,-70.59891,13.0,65,UTC-0300,km/h,0.0,5.0
0.0,2019-03-18 21:52:03.207,-33.498806,,S. 170,Soleado,0.0,1,TWC,2019-03-18 21:52:03.210,2019-03-18 21:52:03.210,1,-70.61607,26.0,32,UTC-0300,km/h,0.0,5.0
0.0,2018-12-23 00:07:09.764,-30.593294,,O. 280,Despejado,0.0,1,TWC,2018-12-23 00:07:09.773,2018-12-23 00:07:09.773,1,-71.19071,18.0,68,UTC-0300,km/h,0.0,13.0
0.0,2019-10-18 22:56:15.921,-33.429832,,OSO. 240,Soleado,0.0,1,TWC,2019-10-18 22:56:15.982,2019-10-18 22:56:15.982,1,-70.61959,21.0,37,UTC-0300,km/h,0.0,13.0
0.0,2020-01-31 20:35:04.599,-33.459114,,SO. 220,Soleado,0.0,1,TWC,2020-01-31 20:35:04.605,2020-01-31 20:35:04.605,1,-70.61306,32.0,24,UTC-0300,km/h,0.0,24.0
0.0,2020-02-23 15:28:53.302,-39.869205,,O. 260,Parcialmente nublado,0.0,1,TWC,2020-02-23 15:28:53.307,2020-02-23 15:28:53.307,1,-73.40568,17.0,77,UTC-0300,km/h,0.0,11.0
0.0,2020-01-26 17:09:47.804,-33.429783,,O. 270,Soleado,0.0,1,TWC,2020-01-26 17:09:47.806,2020-01-26 17:09:47.806,1,-70.61964,32.0,22,UTC-0300,km/h,0.0,5.0
0.0,2018-09-27 13:45:13.322,-33.424713,,ONO. 300,Nublado,0.0,1,TWC,2018-09-27 13:45:13.329,2018-09-27 13:45:13.329,1,-70.61051,14.0,67,UTC-0300,km/h,0.0,10.0
0.0,2018-04-08 01:33:36.017,-33.42966,,SSE. 150,Soleado,0.0,1,TWC,2018-04-08 01:33:36.021,2018-04-08 01:33:36.021,1,-70.619354,17.0,56,UTC-0300,km/h,0.0,13.0
0.0,2019-02-28 19:01:19.415,-30.596392,,O. 270,Soleado,0.0,1,TWC,2019-02-28 19:01:19.431,2019-02-28 19:01:19.431,1,-71.18956,27.0,43,UTC-0300,km/h,0.0,23.0
0.0,2019-10-30 20:01:01.612,-30.596401,,O. 270,Parcialmente nublado,0.0,1,TWC,2019-10-30 20:01:01.613,2019-10-30 20:01:01.613,1,-71.18957,24.0,30,UTC-0300,km/h,0.0,21.0
0.0,2020-11-06 20:35:08.171,-33.501377,,SO. 230,Soleado,0.0,1,TWC,2020-11-06 20:35:08.179,2020-11-06 20:35:08.179,1,-70.610374,28.0,28,UTC-0300,km/h,0.0,13.0
0.0,2018-07-19 23:10:36.465,-30.597443,,O. 280,Despejado,0.0,1,TWC,2018-07-19 23:10:36.478,2018-07-19 23:10:36.478,1,-71.19337,7.0,72,UTC-0400,km/h,0.0,6.0
0.0,2019-01-28 12:36:36.917,-33.41989,,S. 180,Soleado,0.0,1,TWC,2019-01-28 12:36:36.926,2019-01-28 12:36:36.926,1,-70.611824,24.0,43,UTC-0300,km/h,0.0,0.0
0.0,2020-01-27 18:48:02.600,-33.497982,,SSO. 210,Soleado,0.0,1,TWC,2020-01-27 18:48:02.604,2020-01-27 18:48:02.604,1,-70.61541,33.0,26,UTC-0300,km/h,0.0,10.0
0.0,2020-11-06 23:19:15.154,-33.49903,,SSO. 200,Soleado,0.0,1,TWC,2020-11-06 23:19:15.177,2020-11-06 23:19:15.177,1,-70.61589,22.0,38,UTC-0300,km/h,0.0,26.0
0.0,2019-05-10 19:31:16.377,-33.42493,,SSE. 160,Soleado,0.0,1,TWC,2019-05-10 19:31:16.381,2019-05-10 19:31:16.381,1,-70.74593,18.0,39,UTC-0400,km/h,0.0,16.0
0.0,2018-10-10 18:18:30.180,-33.48997,,SSO. 210,Muy nublado,0.0,1,TWC,2018-10-10 18:18:30.183,2018-10-10 18:18:30.183,1,-70.61591,19.0,43,UTC-0300,km/h,0.0,3.0
0.0,2020-10-02 19:01:48.642,-33.42952,,SO. 230,Soleado,0.0,1,TWC,2020-10-02 19:01:48.646,2020-10-02 19:01:48.646,1,-70.64707,18.0,37,UTC-0300,km/h,0.0,8.0
0.0,2020-10-28 23:42:54.996,-33.4281,,SO. 220,Soleado,0.0,1,TWC,2020-10-28 23:42:55.011,2020-10-28 23:42:55.011,1,-70.62298,20.0,36,UTC-0300,km/h,0.0,21.0
0.0,2018-09-15 14:57:07.169,-33.42225,,OSO. 250,Niebla,0.0,1,TWC,2018-09-15 14:57:07.171,2018-09-15 14:57:07.171,1,-70.611824,11.0,83,UTC-0300,km/h,0.0,0.0
0.0,2019-06-21 14:33:30.427,-33.49934,,O. 280,Bruma,0.0,1,TWC,2019-06-21 14:33:30.429,2019-06-21 14:33:30.429,1,-70.61584,9.0,84,UTC-0400,km/h,0.0,0.0
0.0,2018-10-15 15:54:00.688,-33.397945,,O. 260,Soleado,0.0,1,TWC,2018-10-15 15:54:00.723,2018-10-15 15:54:00.723,1,-70.591705,21.0,39,UTC-0300,km/h,0.0,10.0
0.0,2020-02-04 18:49:37.613,-33.41789,,SO. 220,Soleado,0.0,1,TWC,2020-02-04 18:49:37.614,2020-02-04 18:49:37.614,1,-70.60675,29.0,26,UTC-0300,km/h,0.0,8.0
0.0,2020-03-09 14:56:16.414,-33.492264,,O. 280,Soleado,0.0,1,TWC,2020-03-09 14:56:16.416,2020-03-09 14:56:16.416,1,-70.61744,27.0,38,UTC-0300,km/h,0.0,5.0
0.0,2019-05-24 14:24:43.945,-33.501488,,E. 100,Muy nublado,0.0,1,TWC,2019-05-24 14:24:43.949,2019-05-24 14:24:43.949,1,-70.60944,13.0,39,UTC-0400,km/h,0.0,3.0
0.0,2019-05-20 15:13:01.881,-33.417755,,O. 270,Soleado,0.0,1,TWC,2019-05-20 15:13:01.883,2019-05-20 15:13:01.883,1,-70.60589,12.0,55,UTC-0400,km/h,0.0,5.0
0.0,2020-09-28 20:55:04.564,-33.422638,,SO. 220,Soleado,0.0,1,TWC,2020-09-28 20:55:04.568,2020-09-28 20:55:04.568,1,-70.61043,23.0,28,UTC-0300,km/h,0.0,13.0
0.0,2018-11-18 17:30:37.821,-33.428368,,SO. 220,Soleado,0.0,1,TWC,2018-11-18 17:30:37.831,2018-11-18 17:30:37.831,1,-70.607574,29.0,17,UTC-0300,km/h,0.0,10.0
0.0,2019-02-16 20:31:17.673,-30.597918,,O. 270,Soleado,0.0,1,TWC,2019-02-16 20:31:17.675,2019-02-16 20:31:17.675,1,-71.188614,24.0,47,UTC-0300,km/h,0.0,21.0
0.0,2019-07-31 14:39:01.019,-33.41794,,OSO. 240,Muy nublado,0.0,1,TWC,2019-07-31 14:39:01.021,2019-07-31 14:39:01.021,1,-70.656296,13.0,75,UTC-0400,km/h,0.0,5.0
0.0,2019-08-02 17:45:51.671,-33.514236,,SSO. 210,Soleado,0.0,1,TWC,2019-08-02 17:45:51.675,2019-08-02 17:45:51.675,1,-70.59725,16.0,34,UTC-0400,km/h,0.0,3.0
0.0,2018-11-16 14:00:05.405,-33.46363,,N. 350,Soleado,0.0,1,TWC,2018-11-16 14:00:05.449,2018-11-16 14:00:05.449,1,-70.62595,23.0,41,UTC-0300,km/h,0.0,3.0
0.0,2019-10-13 23:51:04.667,-33.429836,,SSE. 160,Nublado,0.0,1,TWC,2019-10-13 23:51:04.670,2019-10-13 23:51:04.670,1,-70.61958,20.0,42,UTC-0300,km/h,0.0,2.0
0.0,2019-03-16 20:40:11.878,-30.596605,,O. 270,Soleado,0.0,1,TWC,2019-03-16 20:40:11.879,2019-03-16 20:40:11.879,1,-71.20101,23.0,48,UTC-0300,km/h,0.0,19.0
0.0,2018-10-06 00:55:29.168,-33.461304,,SSO. 210,Soleado,0.0,1,TWC,2018-10-06 00:55:29.173,2018-10-06 00:55:29.173,1,-70.67205,16.0,61,UTC-0300,km/h,0.0,5.0
0.0,2019-06-03 12:24:15.733,-33.500576,,NNE. 30,Soleado,0.0,1,TWC,2019-06-03 12:24:15.736,2019-06-03 12:24:15.736,1,-70.60964,6.0,64,UTC-0400,km/h,0.0,8.0
0.0,2019-01-29 12:49:40.325,-33.420128,,SO. 220,Soleado,0.0,1,TWC,2019-01-29 12:49:40.329,2019-01-29 12:49:40.329,1,-70.61333,23.0,39,UTC-0300,km/h,0.0,0.0
0.0,2020-03-09 17:05:31.007,-33.421867,,SO. 220,Soleado,0.0,1,TWC,2020-03-09 17:05:31.009,2020-03-09 17:05:31.009,1,-70.60781,32.0,28,UTC-0300,km/h,0.0,10.0
0.0,2018-05-25 17:34:28.130,-33.424885,,SO. 220,Soleado,0.0,1,TWC,2018-05-25 17:34:28.156,2018-05-25 17:34:28.156,1,-70.61146,23.0,15,UTC-0400,km/h,0.0,5.0
0.0,2018-04-08 02:16:42.740,-33.427155,,SSE. 160,Soleado,0.0,1,TWC,2018-04-08 02:16:42.748,2018-04-08 02:16:42.748,1,-70.62278,16.0,59,UTC-0300,km/h,0.0,14.0
0.0,2021-01-19 14:07:07.038,-30.595636,,O. 270,Soleado,0.0,1,TWC,2021-01-19 14:07:07.045,2021-01-19 14:07:07.045,1,-71.19479,21.0,61,UTC-0300,km/h,0.0,13.0
0.0,2018-03-15 18:47:35.056,-33.4301,,OSO. 240,Soleado,0.0,1,TWC,2018-03-15 18:47:35.059,2018-03-15 18:47:35.059,1,-70.62075,29.0,17,UTC-0300,km/h,0.0,11.0
0.0,2019-11-12 13:39:36.392,-33.5002,,SO. 230,Soleado,0.0,1,TWC,2019-11-12 13:39:36.395,2019-11-12 13:39:36.395,1,-70.61186,20.0,59,UTC-0300,km/h,0.0,5.0
0.0,2019-07-31 21:52:26.860,-33.428047,,SSO. 210,Muy nublado,0.0,1,TWC,2019-07-31 21:52:26.863,2019-07-31 21:52:26.863,1,-70.62004,12.0,82,UTC-0400,km/h,0.0,8.0
0.0,2018-04-01 00:35:04.874,-30.598888,,O. 280,Despejado,0.0,1,TWC,2018-04-01 00:35:04.877,2018-04-01 00:35:04.877,1,-71.184296,16.0,82,UTC-0300,km/h,0.0,6.0
0.0,2018-12-22 22:46:09.941,-30.601679,,O. 270,Soleado,0.0,1,TWC,2018-12-22 22:46:09.943,2018-12-22 22:46:09.943,1,-71.18885,21.0,60,UTC-0300,km/h,0.0,18.0
0.0,2019-03-19 16:55:36.437,-33.498783,,S. 180,Soleado,0.0,1,TWC,2019-03-19 16:55:36.451,2019-03-19 16:55:36.451,1,-70.61446,23.0,29,UTC-0300,km/h,0.0,8.0
0.0,2019-07-16 18:24:03.369,-30.59824,,O. 280,Soleado,0.0,1,TWC,2019-07-16 18:24:03.375,2019-07-16 18:24:03.375,1,-71.18452,17.0,52,UTC-0400,km/h,0.0,13.0
,2023-12-17 23:47:56.182,-33.432407,,220.SW,Fair,,1,TWC,2023-12-18 01:22:13.831,2023-12-18 01:22:13.831,1,-70.61347,21.0,42,UTC-0300,km/h,,16.0
,2024-01-02 17:35:32.945,-33.41755,,200.SSW,Fair,,1,TWC,2024-01-02 17:35:34.453,2024-01-02 17:35:34.453,1,-70.60087,29.0,31,UTC-0300,km/h,,0.0
